date,trades_taken,buys,sells,wins,losses,win_rate,profit_factor,daily_pnl,signals_generated,signals_blocked,account_balance
2026-02-27,0,0,0,0,0,0.0%,0.00,0.00,4,1,49630.01
2026-02-28,0,0,0,0,0,0.0%,0.00,0.00,8,0,49619.27
2026-03-01,0,0,0,0,0,0.0%,0.00,0.00,8,0,0.00
2026-03-02,0,0,0,0,0,0.0%,0.00,0.00,2,0,49599.87
2026-03-02,0,0,0,0,0,0.0%,0.00,0.00,14,0,0.00
2026-03-03,0,0,0,0,0,0.0%,0.00,0.00,2,0,49578.77
2026-03-03,0,0,0,0,0,0.0%,0.00,0.00,12,4,0.00
2026-03-04,0,0,0,0,0,0.0%,0.00,0.00,8,4,49564.92
2026-03-04,0,0,0,0,0,0.0%,0.00,0.00,14,7,49580.27
2026-03-08,0,0,0,0,0,0.0%,0.00,0.00,1,1,49580.27
2026-03-08,0,0,0,0,0,0.0%,0.00,0.00,12,4,0.00
2026-03-09,0,0,0,0,0,0.0%,0.00,0.00,4,0,49574.04
2026-03-10,0,0,0,0,0,0.0%,0.00,0.00,3,3,0.00
2026-03-11,0,0,0,0,0,0.0%,0.00,0.00,1,1,49574.80
2026-03-11,0,0,0,0,0,0.0%,0.00,0.00,6,2,0.00
2026-03-12,0,0,0,0,0,0.0%,0.00,0.00,3,1,49556.14
2026-03-13,0,0,0,0,0,0.0%,0.00,0.00,5,3,49556.14
